<?xml version="1.0" encoding="UTF-8"?>
<project-private xmlns="http://www.netbeans.org/ns/project-private/1">
    <editor-bookmarks xmlns="http://www.netbeans.org/ns/editor-bookmarks/2" lastBookmarkId="0"/>
    <open-files xmlns="http://www.netbeans.org/ns/projectui-open-files/2">
        <group>
            <file>file:/E:/1111JAVA/zzzz%20PROGRAMMES/CSC111FINAL%20V2.0/src/EL_FUEGO/AddAirport.java</file>
            <file>file:/E:/1111JAVA/zzzz%20PROGRAMMES/CSC111FINAL%20V2.0/src/EL_FUEGO/index.png</file>
            <file>file:/E:/1111JAVA/zzzz%20PROGRAMMES/CSC111FINAL%20V2.0/src/EL_FUEGO/ResevationForm.java</file>
            <file>file:/E:/1111JAVA/zzzz%20PROGRAMMES/CSC111FINAL%20V2.0/src/EL_FUEGO/password.java</file>
        </group>
    </open-files>
</project-private>
